<input><qualitycontrol type="no" losequantity="0" delay="0"/><sellwish><item article="1" quantity="150"/><item article="2" quantity="150"/><item article="3" quantity="150"/></sellwish><selldirect><item article="1" quantity="0" price="0.0" penalty="0.0"/><item article="2" quantity="0" price="0.0" penalty="0.0"/><item article="3" quantity="0" price="0.0" penalty="0.0"/></selldirect><orderlist><order article="21" quantity="300" modus="5"/><order article="22" quantity="100" modus="5"/><order article="25" quantity="1560" modus="5"/><order article="27" quantity="1800" modus="5"/><order article="28" quantity="3000" modus="5"/><order article="36" quantity="400" modus="5"/><order article="37" quantity="400" modus="5"/><order article="40" quantity="400" modus="5"/><order article="41" quantity="400" modus="5"/><order article="42" quantity="800" modus="5"/><order article="44" quantity="1200" modus="5"/><order article="45" quantity="400" modus="5"/><order article="46" quantity="400" modus="5"/><order article="47" quantity="400" modus="5"/><order article="48" quantity="800" modus="5"/><order article="52" quantity="600" modus="5"/><order article="53" quantity="22000" modus="5"/><order article="32" quantity="2700" modus="4"/><order article="38" quantity="1000" modus="4"/><order article="39" quantity="1800" modus="4"/></orderlist><productionlist><production article="26" quantity="300"/><production article="51" quantity="100"/><production article="16" quantity="300"/><production article="17" quantity="300"/><production article="50" quantity="100"/><production article="4" quantity="100"/><production article="10" quantity="100"/><production article="49" quantity="100"/><production article="7" quantity="100"/><production article="13" quantity="100"/><production article="18" quantity="100"/><production article="56" quantity="100"/><production article="55" quantity="100"/><production article="5" quantity="100"/><production article="11" quantity="100"/><production article="54" quantity="100"/><production article="8" quantity="100"/><production article="14" quantity="100"/><production article="19" quantity="100"/><production article="31" quantity="100"/><production article="30" quantity="100"/><production article="6" quantity="100"/><production article="12" quantity="100"/><production article="29" quantity="100"/><production article="9" quantity="100"/><production article="15" quantity="100"/><production article="20" quantity="100"/><production article="1" quantity="100"/><production article="2" quantity="100"/><production article="3" quantity="100"/></productionlist><workingtimelist><workingtime station="1" shift="1" overtime="0"/><workingtime station="2" shift="1" overtime="0"/><workingtime station="3" shift="1" overtime="0"/><workingtime station="4" shift="1" overtime="0"/><workingtime station="6" shift="1" overtime="0"/><workingtime station="7" shift="1" overtime="28"/><workingtime station="8" shift="1" overtime="0"/><workingtime station="9" shift="1" overtime="56"/><workingtime station="10" shift="1" overtime="48"/><workingtime station="11" shift="1" overtime="0"/><workingtime station="12" shift="1" overtime="0"/><workingtime station="13" shift="1" overtime="0"/><workingtime station="14" shift="1" overtime="0"/><workingtime station="15" shift="1" overtime="0"/></workingtimelist></input>