<?xml version="1.0" encoding="UTF-8"?>
<results game="328" group="6" period="1"><forecast p1="150" p2="100" p3="100"/><warehousestock><article id="1" amount="50" startamount="100" pct="50,00" price="156,30" stockvalue="7815,05"/><article id="2" amount="50" startamount="100" pct="50,00" price="163,51" stockvalue="8175,40"/><article id="3" amount="50" startamount="100" pct="50,00" price="165,56" stockvalue="8278,20"/><article id="4" amount="100" startamount="100" pct="100,00" price="40,95" stockvalue="4094,86"/><article id="5" amount="100" startamount="100" pct="100,00" price="41,02" stockvalue="4102,15"/><article id="6" amount="100" startamount="100" pct="100,00" price="41,31" stockvalue="4131,20"/><article id="7" amount="100" startamount="100" pct="100,00" price="36,22" stockvalue="3621,60"/><article id="8" amount="100" startamount="100" pct="100,00" price="36,37" stockvalue="3636,60"/><article id="9" amount="100" startamount="100" pct="100,00" price="36,20" stockvalue="3620,40"/><article id="10" amount="100" startamount="100" pct="100,00" price="12,85" stockvalue="1285,00"/><article id="11" amount="100" startamount="100" pct="100,00" price="14,03" stockvalue="1402,75"/><article id="12" amount="90" startamount="100" pct="90,00" price="14,06" stockvalue="1265,40"/><article id="13" amount="100" startamount="100" pct="100,00" price="13,23" stockvalue="1322,80"/><article id="14" amount="100" startamount="100" pct="100,00" price="13,91" stockvalue="1391,50"/><article id="15" amount="0" startamount="100" pct="0,00" price="14,65" stockvalue="0,00"/><article id="16" amount="300" startamount="300" pct="100,00" price="7,04" stockvalue="2110,93"/><article id="17" amount="300" startamount="300" pct="100,00" price="7,18" stockvalue="2154,09"/><article id="18" amount="100" startamount="100" pct="100,00" price="13,75" stockvalue="1375,00"/><article id="19" amount="100" startamount="100" pct="100,00" price="15,05" stockvalue="1505,00"/><article id="20" amount="0" startamount="100" pct="0,00" price="15,55" stockvalue="0,00"/><article id="21" amount="200" startamount="300" pct="66,67" price="5,00" stockvalue="1000,00"/><article id="22" amount="200" startamount="300" pct="66,67" price="6,50" stockvalue="1300,00"/><article id="23" amount="200" startamount="300" pct="66,67" price="6,50" stockvalue="1300,00"/><article id="24" amount="4000" startamount="6100" pct="65,57" price="0,06" stockvalue="240,00"/><article id="25" amount="3960" startamount="3600" pct="110,00" price="0,07" stockvalue="287,60"/><article id="26" amount="300" startamount="300" pct="100,00" price="10,57" stockvalue="3171,66"/><article id="27" amount="3000" startamount="1800" pct="166,67" price="0,12" stockvalue="357,00"/><article id="28" amount="3000" startamount="4500" pct="66,67" price="1,20" stockvalue="3600,00"/><article id="29" amount="100" startamount="100" pct="100,00" price="69,33" stockvalue="6932,56"/><article id="30" amount="100" startamount="100" pct="100,00" price="127,61" stockvalue="12761,50"/><article id="31" amount="100" startamount="100" pct="100,00" price="144,79" stockvalue="14478,60"/><article id="32" amount="2000" startamount="2700" pct="74,07" price="0,75" stockvalue="1500,00"/><article id="33" amount="700" startamount="900" pct="77,78" price="22,00" stockvalue="15400,00"/><article id="34" amount="14800" startamount="22000" pct="67,27" price="0,10" stockvalue="1480,00"/><article id="35" amount="2400" startamount="3600" pct="66,67" price="1,00" stockvalue="2400,00"/><article id="36" amount="600" startamount="900" pct="66,67" price="8,00" stockvalue="4800,00"/><article id="37" amount="600" startamount="900" pct="66,67" price="1,50" stockvalue="900,00"/><article id="38" amount="1000" startamount="300" pct="333,33" price="1,85" stockvalue="1850,00"/><article id="39" amount="2100" startamount="900" pct="233,33" price="1,73" stockvalue="3630,00"/><article id="40" amount="600" startamount="900" pct="66,67" price="2,50" stockvalue="1500,00"/><article id="41" amount="600" startamount="900" pct="66,67" price="0,06" stockvalue="36,00"/><article id="42" amount="1200" startamount="1800" pct="66,67" price="0,10" stockvalue="120,00"/><article id="43" amount="1600" startamount="1900" pct="84,21" price="5,00" stockvalue="8000,00"/><article id="44" amount="1800" startamount="2700" pct="66,67" price="0,50" stockvalue="900,00"/><article id="45" amount="600" startamount="900" pct="66,67" price="0,06" stockvalue="36,00"/><article id="46" amount="600" startamount="900" pct="66,67" price="0,10" stockvalue="60,00"/><article id="47" amount="600" startamount="900" pct="66,67" price="3,50" stockvalue="2100,00"/><article id="48" amount="1200" startamount="1800" pct="66,67" price="1,50" stockvalue="1800,00"/><article id="49" amount="100" startamount="100" pct="100,00" price="64,83" stockvalue="6482,78"/><article id="50" amount="100" startamount="100" pct="100,00" price="120,82" stockvalue="12082,20"/><article id="51" amount="100" startamount="100" pct="100,00" price="137,65" stockvalue="13764,50"/><article id="52" amount="400" startamount="600" pct="66,67" price="22,00" stockvalue="8800,00"/><article id="53" amount="14800" startamount="22000" pct="67,27" price="0,10" stockvalue="1480,00"/><article id="54" amount="100" startamount="100" pct="100,00" price="68,13" stockvalue="6812,54"/><article id="55" amount="100" startamount="100" pct="100,00" price="125,67" stockvalue="12567,20"/><article id="56" amount="100" startamount="100" pct="100,00" price="142,84" stockvalue="14283,50"/><article id="57" amount="400" startamount="600" pct="66,67" price="22,00" stockvalue="8800,00"/><article id="58" amount="14800" startamount="22000" pct="67,27" price="0,10" stockvalue="1480,00"/><article id="59" amount="1260" startamount="1800" pct="70,00" price="0,15" stockvalue="189,00"/><totalstockvalue>239970,56</totalstockvalue></warehousestock><inwardstockmovement><order orderperiod="1" id="20" mode="4" article="39" amount="1800" time="5760" materialcosts="2430,00" ordercosts="750,00" entirecosts="3180,00" piececosts="1,77"/><order orderperiod="1" id="3" mode="5" article="25" amount="1560" time="7200" materialcosts="93,60" ordercosts="50,00" entirecosts="143,60" piececosts="0,09"/><order orderperiod="1" id="4" mode="5" article="27" amount="1800" time="7200" materialcosts="162,00" ordercosts="75,00" entirecosts="237,00" piececosts="0,13"/><order orderperiod="1" id="19" mode="4" article="38" amount="1000" time="7200" materialcosts="1350,00" ordercosts="500,00" entirecosts="1850,00" piececosts="1,85"/></inwardstockmovement><futureinwardstockmovement><order orderperiod="1" id="9" mode="5" article="41" amount="400"/><order orderperiod="1" id="11" mode="5" article="44" amount="1200"/><order orderperiod="1" id="13" mode="5" article="46" amount="400"/><order orderperiod="1" id="14" mode="5" article="47" amount="400"/><order orderperiod="1" id="18" mode="4" article="32" amount="2700"/><order orderperiod="1" id="6" mode="5" article="36" amount="400"/><order orderperiod="1" id="15" mode="5" article="48" amount="800"/><order orderperiod="1" id="7" mode="5" article="37" amount="400"/><order orderperiod="1" id="17" mode="5" article="53" amount="22000"/><order orderperiod="1" id="8" mode="5" article="40" amount="400"/><order orderperiod="1" id="10" mode="5" article="42" amount="800"/><order orderperiod="1" id="2" mode="5" article="22" amount="100"/><order orderperiod="1" id="5" mode="5" article="28" amount="3000"/><order orderperiod="1" id="12" mode="5" article="45" amount="400"/><order orderperiod="1" id="16" mode="5" article="52" amount="600"/><order orderperiod="1" id="1" mode="5" article="21" amount="300"/></futureinwardstockmovement><idletimecosts><workplace id="1" setupevents="3" idletime="540" wageidletimecosts="243,00" wagecosts="837,00" machineidletimecosts="5,40"/><workplace id="2" setupevents="3" idletime="820" wageidletimecosts="369,00" wagecosts="711,00" machineidletimecosts="8,20"/><workplace id="3" setupevents="3" idletime="640" wageidletimecosts="288,00" wagecosts="792,00" machineidletimecosts="6,40"/><workplace id="4" setupevents="3" idletime="320" wageidletimecosts="144,00" wagecosts="936,00" machineidletimecosts="3,20"/><workplace id="6" setupevents="4" idletime="840" wageidletimecosts="378,00" wagecosts="702,00" machineidletimecosts="84,00"/><workplace id="7" setupevents="10" idletime="0" wageidletimecosts="0,00" wagecosts="1210,50" machineidletimecosts="0,00"/><workplace id="8" setupevents="10" idletime="390" wageidletimecosts="175,50" wagecosts="904,50" machineidletimecosts="39,00"/><workplace id="9" setupevents="7" idletime="670" wageidletimecosts="326,70" wagecosts="1005,30" machineidletimecosts="167,50"/><workplace id="10" setupevents="6" idletime="120" wageidletimecosts="75,60" wagecosts="1220,40" machineidletimecosts="12,00"/><workplace id="11" setupevents="6" idletime="500" wageidletimecosts="225,00" wagecosts="855,00" machineidletimecosts="50,00"/><workplace id="12" setupevents="6" idletime="600" wageidletimecosts="270,00" wagecosts="810,00" machineidletimecosts="60,00"/><workplace id="13" setupevents="6" idletime="1200" wageidletimecosts="540,00" wagecosts="540,00" machineidletimecosts="180,00"/><workplace id="14" setupevents="1" idletime="1500" wageidletimecosts="675,00" wagecosts="405,00" machineidletimecosts="15,00"/><workplace id="15" setupevents="3" idletime="555" wageidletimecosts="249,75" wagecosts="830,25" machineidletimecosts="5,55"/><sum setupevents="71" idletime="8695" wageidletimecosts="3959,55" wagecosts="11758,95" machineidletimecosts="636,25"/></idletimecosts><waitinglistworkstations><workplace id="1" timeneed="0"/><workplace id="2" timeneed="0"/><workplace id="3" timeneed="0"/><workplace id="4" timeneed="0"/><workplace id="6" timeneed="0"/><workplace id="7" timeneed="40"><waitinglist period="1" order="27" firstbatch="9" lastbatch="10" item="20" amount="20" timeneed="40"/></workplace><workplace id="8" timeneed="60"><waitinglist period="1" order="27" firstbatch="9" lastbatch="10" item="20" amount="20" timeneed="60"/></workplace><workplace id="9" timeneed="360"><waitinglist period="1" order="27" firstbatch="9" lastbatch="10" item="20" amount="20" timeneed="40"/><waitinglist period="1" order="26" firstbatch="1" lastbatch="10" item="15" amount="100" timeneed="200"/><waitinglist period="1" order="27" firstbatch="1" lastbatch="6" item="20" amount="60" timeneed="120"/></workplace><workplace id="10" timeneed="0"/><workplace id="11" timeneed="0"/><workplace id="12" timeneed="0"/><workplace id="13" timeneed="0"/><workplace id="14" timeneed="0"/><workplace id="15" timeneed="0"/></waitinglistworkstations><waitingliststock/><ordersinwork><workplace id="7" period="1" order="27" batch="7" item="20" amount="10" timeneed="10"/><workplace id="8" period="1" order="27" batch="8" item="20" amount="10" timeneed="30"/><workplace id="9" period="1" order="23" batch="10" item="12" amount="10" timeneed="28"/></ordersinwork><completedorders><order period="1" id="1" item="26" quantity="300" cost="3192,60" averageunitcosts="10,64"><batch id="1" amount="10" cycletime="120" cost="135,00"/><batch id="2" amount="10" cycletime="100" cost="105,00"/><batch id="3" amount="10" cycletime="110" cost="105,00"/><batch id="4" amount="10" cycletime="120" cost="105,00"/><batch id="5" amount="10" cycletime="130" cost="105,00"/><batch id="6" amount="10" cycletime="140" cost="105,00"/><batch id="7" amount="10" cycletime="150" cost="105,00"/><batch id="8" amount="10" cycletime="160" cost="105,00"/><batch id="9" amount="10" cycletime="170" cost="105,00"/><batch id="10" amount="10" cycletime="180" cost="105,00"/><batch id="11" amount="10" cycletime="190" cost="105,00"/><batch id="12" amount="10" cycletime="200" cost="105,00"/><batch id="13" amount="10" cycletime="210" cost="105,00"/><batch id="14" amount="10" cycletime="1180" cost="105,00"/><batch id="15" amount="10" cycletime="1190" cost="105,00"/><batch id="16" amount="10" cycletime="1200" cost="105,00"/><batch id="17" amount="10" cycletime="1210" cost="105,00"/><batch id="18" amount="10" cycletime="1220" cost="105,00"/><batch id="19" amount="10" cycletime="1230" cost="105,00"/><batch id="20" amount="10" cycletime="1240" cost="105,00"/><batch id="21" amount="10" cycletime="1250" cost="105,00"/><batch id="22" amount="10" cycletime="1260" cost="105,00"/><batch id="23" amount="10" cycletime="1270" cost="109,50"/><batch id="24" amount="10" cycletime="1280" cost="113,10"/><batch id="25" amount="10" cycletime="358" cost="105,00"/><batch id="26" amount="10" cycletime="368" cost="105,00"/><batch id="27" amount="10" cycletime="378" cost="105,00"/><batch id="28" amount="10" cycletime="388" cost="105,00"/><batch id="29" amount="10" cycletime="398" cost="105,00"/><batch id="30" amount="10" cycletime="1368" cost="105,00"/></order><order period="1" id="2" item="51" quantity="100" cost="13776,63" averageunitcosts="137,77"><batch id="1" amount="10" cycletime="70" cost="1384,70"/><batch id="2" amount="10" cycletime="50" cost="1375,32"/><batch id="3" amount="10" cycletime="50" cost="1376,97"/><batch id="4" amount="10" cycletime="50" cost="1376,76"/><batch id="5" amount="10" cycletime="50" cost="1376,98"/><batch id="6" amount="10" cycletime="50" cost="1377,11"/><batch id="7" amount="10" cycletime="50" cost="1377,18"/><batch id="8" amount="10" cycletime="50" cost="1377,21"/><batch id="9" amount="10" cycletime="50" cost="1377,22"/><batch id="10" amount="10" cycletime="1010" cost="1377,18"/></order><order period="1" id="3" item="16" quantity="300" cost="2117,25" averageunitcosts="7,06"><batch id="1" amount="10" cycletime="65" cost="81,45"/><batch id="2" amount="10" cycletime="60" cost="70,20"/><batch id="3" amount="10" cycletime="70" cost="70,20"/><batch id="4" amount="10" cycletime="80" cost="70,20"/><batch id="5" amount="10" cycletime="90" cost="70,20"/><batch id="6" amount="10" cycletime="100" cost="70,20"/><batch id="7" amount="10" cycletime="110" cost="70,20"/><batch id="8" amount="10" cycletime="120" cost="70,20"/><batch id="9" amount="10" cycletime="130" cost="70,20"/><batch id="10" amount="10" cycletime="140" cost="70,20"/><batch id="11" amount="10" cycletime="150" cost="70,20"/><batch id="12" amount="10" cycletime="160" cost="70,20"/><batch id="13" amount="10" cycletime="170" cost="70,20"/><batch id="14" amount="10" cycletime="180" cost="70,20"/><batch id="15" amount="10" cycletime="1150" cost="70,20"/><batch id="16" amount="10" cycletime="1160" cost="70,20"/><batch id="17" amount="10" cycletime="1170" cost="70,20"/><batch id="18" amount="10" cycletime="1180" cost="70,20"/><batch id="19" amount="10" cycletime="1190" cost="70,20"/><batch id="20" amount="10" cycletime="1200" cost="70,20"/><batch id="21" amount="10" cycletime="1210" cost="70,20"/><batch id="22" amount="10" cycletime="1220" cost="70,20"/><batch id="23" amount="10" cycletime="1230" cost="70,20"/><batch id="24" amount="10" cycletime="1240" cost="70,20"/><batch id="25" amount="10" cycletime="290" cost="70,20"/><batch id="26" amount="10" cycletime="300" cost="70,20"/><batch id="27" amount="10" cycletime="310" cost="70,20"/><batch id="28" amount="10" cycletime="320" cost="70,20"/><batch id="29" amount="10" cycletime="330" cost="70,20"/><batch id="30" amount="10" cycletime="340" cost="70,20"/></order><order period="1" id="4" item="17" quantity="300" cost="2163,00" averageunitcosts="7,21"><batch id="1" amount="10" cycletime="45" cost="79,10"/><batch id="2" amount="10" cycletime="30" cost="71,60"/><batch id="3" amount="10" cycletime="45" cost="79,10"/><batch id="4" amount="10" cycletime="30" cost="71,60"/><batch id="5" amount="10" cycletime="30" cost="71,60"/><batch id="6" amount="10" cycletime="30" cost="71,60"/><batch id="7" amount="10" cycletime="30" cost="71,60"/><batch id="8" amount="10" cycletime="30" cost="71,60"/><batch id="9" amount="10" cycletime="30" cost="71,60"/><batch id="10" amount="10" cycletime="30" cost="71,60"/><batch id="11" amount="10" cycletime="30" cost="71,60"/><batch id="12" amount="10" cycletime="30" cost="71,60"/><batch id="13" amount="10" cycletime="30" cost="71,60"/><batch id="14" amount="10" cycletime="30" cost="71,60"/><batch id="15" amount="10" cycletime="30" cost="71,60"/><batch id="16" amount="10" cycletime="30" cost="71,60"/><batch id="17" amount="10" cycletime="990" cost="71,60"/><batch id="18" amount="10" cycletime="30" cost="71,60"/><batch id="19" amount="10" cycletime="30" cost="71,60"/><batch id="20" amount="10" cycletime="30" cost="71,60"/><batch id="21" amount="10" cycletime="30" cost="71,60"/><batch id="22" amount="10" cycletime="30" cost="71,60"/><batch id="23" amount="10" cycletime="30" cost="71,60"/><batch id="24" amount="10" cycletime="30" cost="71,60"/><batch id="25" amount="10" cycletime="30" cost="71,60"/><batch id="26" amount="10" cycletime="30" cost="71,60"/><batch id="27" amount="10" cycletime="30" cost="71,60"/><batch id="28" amount="10" cycletime="30" cost="71,60"/><batch id="29" amount="10" cycletime="30" cost="71,60"/><batch id="30" amount="10" cycletime="30" cost="71,60"/></order><order period="1" id="5" item="50" quantity="100" cost="12096,87" averageunitcosts="120,97"><batch id="1" amount="10" cycletime="80" cost="1221,30"/><batch id="2" amount="10" cycletime="50" cost="1206,30"/><batch id="3" amount="10" cycletime="50" cost="1209,91"/><batch id="4" amount="10" cycletime="50" cost="1209,29"/><batch id="5" amount="10" cycletime="50" cost="1208,98"/><batch id="6" amount="10" cycletime="50" cost="1208,70"/><batch id="7" amount="10" cycletime="50" cost="1208,45"/><batch id="8" amount="10" cycletime="50" cost="1208,11"/><batch id="9" amount="10" cycletime="50" cost="1208,00"/><batch id="10" amount="10" cycletime="1010" cost="1207,83"/></order><order period="1" id="6" item="4" quantity="100" cost="4107,50" averageunitcosts="41,08"><batch id="1" amount="10" cycletime="100" cost="431,00"/><batch id="2" amount="10" cycletime="70" cost="408,50"/><batch id="3" amount="10" cycletime="70" cost="408,50"/><batch id="4" amount="10" cycletime="70" cost="408,50"/><batch id="5" amount="10" cycletime="70" cost="408,50"/><batch id="6" amount="10" cycletime="70" cost="408,50"/><batch id="7" amount="10" cycletime="70" cost="408,50"/><batch id="8" amount="10" cycletime="70" cost="408,50"/><batch id="9" amount="10" cycletime="70" cost="408,50"/><batch id="10" amount="10" cycletime="70" cost="408,50"/></order><order period="1" id="7" item="10" quantity="100" cost="1285,00" averageunitcosts="12,85"><batch id="1" amount="10" cycletime="1647" cost="169,00"/><batch id="2" amount="10" cycletime="1657" cost="124,00"/><batch id="3" amount="10" cycletime="1667" cost="124,00"/><batch id="4" amount="10" cycletime="1677" cost="124,00"/><batch id="5" amount="10" cycletime="1687" cost="124,00"/><batch id="6" amount="10" cycletime="1697" cost="124,00"/><batch id="7" amount="10" cycletime="1707" cost="124,00"/><batch id="8" amount="10" cycletime="1717" cost="124,00"/><batch id="9" amount="10" cycletime="1727" cost="124,00"/><batch id="10" amount="10" cycletime="1737" cost="124,00"/></order><order period="1" id="8" item="49" quantity="100" cost="6489,00" averageunitcosts="64,89"><batch id="1" amount="10" cycletime="80" cost="656,40"/><batch id="2" amount="10" cycletime="60" cost="646,40"/><batch id="3" amount="10" cycletime="60" cost="646,40"/><batch id="4" amount="10" cycletime="60" cost="646,40"/><batch id="5" amount="10" cycletime="60" cost="646,40"/><batch id="6" amount="10" cycletime="60" cost="646,40"/><batch id="7" amount="10" cycletime="60" cost="646,40"/><batch id="8" amount="10" cycletime="1020" cost="646,40"/><batch id="9" amount="10" cycletime="60" cost="646,40"/><batch id="10" amount="10" cycletime="60" cost="661,40"/></order><order period="1" id="9" item="7" quantity="100" cost="3636,60" averageunitcosts="36,37"><batch id="1" amount="10" cycletime="1070" cost="388,50"/><batch id="2" amount="10" cycletime="1040" cost="376,50"/><batch id="3" amount="10" cycletime="1030" cost="362,10"/><batch id="4" amount="10" cycletime="108" cost="358,50"/><batch id="5" amount="10" cycletime="98" cost="358,50"/><batch id="6" amount="10" cycletime="88" cost="358,50"/><batch id="7" amount="10" cycletime="78" cost="358,50"/><batch id="8" amount="10" cycletime="70" cost="358,50"/><batch id="9" amount="10" cycletime="70" cost="358,50"/><batch id="10" amount="10" cycletime="70" cost="358,50"/></order><order period="1" id="10" item="13" quantity="100" cost="1322,80" averageunitcosts="13,23"><batch id="1" amount="10" cycletime="1762" cost="187,90"/><batch id="2" amount="10" cycletime="2676" cost="130,30"/><batch id="3" amount="10" cycletime="2686" cost="124,00"/><batch id="4" amount="10" cycletime="2696" cost="124,00"/><batch id="5" amount="10" cycletime="2706" cost="124,00"/><batch id="6" amount="10" cycletime="2716" cost="124,90"/><batch id="7" amount="10" cycletime="2726" cost="133,00"/><batch id="8" amount="10" cycletime="2736" cost="126,70"/><batch id="9" amount="10" cycletime="2746" cost="124,00"/><batch id="10" amount="10" cycletime="2756" cost="124,00"/></order><order period="1" id="11" item="18" quantity="100" cost="1375,00" averageunitcosts="13,75"><batch id="1" amount="10" cycletime="1596" cost="191,50"/><batch id="2" amount="10" cycletime="1571" cost="131,50"/><batch id="3" amount="10" cycletime="1561" cost="131,50"/><batch id="4" amount="10" cycletime="1551" cost="131,50"/><batch id="5" amount="10" cycletime="1541" cost="131,50"/><batch id="6" amount="10" cycletime="1531" cost="131,50"/><batch id="7" amount="10" cycletime="1521" cost="131,50"/><batch id="8" amount="10" cycletime="1511" cost="131,50"/><batch id="9" amount="10" cycletime="1501" cost="131,50"/><batch id="10" amount="10" cycletime="1491" cost="131,50"/></order><order period="1" id="12" item="56" quantity="100" cost="14296,02" averageunitcosts="142,96"><batch id="1" amount="10" cycletime="80" cost="1437,18"/><batch id="2" amount="10" cycletime="60" cost="1427,16"/><batch id="3" amount="10" cycletime="60" cost="1428,82"/><batch id="4" amount="10" cycletime="60" cost="1428,47"/><batch id="5" amount="10" cycletime="60" cost="1428,46"/><batch id="6" amount="10" cycletime="60" cost="1428,42"/><batch id="7" amount="10" cycletime="60" cost="1428,39"/><batch id="8" amount="10" cycletime="1020" cost="1428,35"/><batch id="9" amount="10" cycletime="60" cost="1429,78"/><batch id="10" amount="10" cycletime="60" cost="1430,99"/></order><order period="1" id="13" item="55" quantity="100" cost="12581,41" averageunitcosts="125,81"><batch id="1" amount="10" cycletime="80" cost="1268,30"/><batch id="2" amount="10" cycletime="50" cost="1253,30"/><batch id="3" amount="10" cycletime="50" cost="1253,30"/><batch id="4" amount="10" cycletime="50" cost="1254,55"/><batch id="5" amount="10" cycletime="50" cost="1254,39"/><batch id="6" amount="10" cycletime="50" cost="1254,39"/><batch id="7" amount="10" cycletime="50" cost="1254,24"/><batch id="8" amount="10" cycletime="50" cost="1262,23"/><batch id="9" amount="10" cycletime="1010" cost="1262,58"/><batch id="10" amount="10" cycletime="50" cost="1264,13"/></order><order period="1" id="14" item="5" quantity="100" cost="4129,10" averageunitcosts="41,29"><batch id="1" amount="10" cycletime="100" cost="431,00"/><batch id="2" amount="10" cycletime="70" cost="408,50"/><batch id="3" amount="10" cycletime="1030" cost="408,50"/><batch id="4" amount="10" cycletime="1020" cost="413,90"/><batch id="5" amount="10" cycletime="1010" cost="424,70"/><batch id="6" amount="10" cycletime="88" cost="408,50"/><batch id="7" amount="10" cycletime="78" cost="408,50"/><batch id="8" amount="10" cycletime="70" cost="408,50"/><batch id="9" amount="10" cycletime="70" cost="408,50"/><batch id="10" amount="10" cycletime="70" cost="408,50"/></order><order period="1" id="15" item="11" quantity="100" cost="1402,75" averageunitcosts="14,03"><batch id="1" amount="10" cycletime="2996" cost="192,70"/><batch id="2" amount="10" cycletime="3910" cost="151,75"/><batch id="3" amount="10" cycletime="3920" cost="131,50"/><batch id="4" amount="10" cycletime="3930" cost="131,50"/><batch id="5" amount="10" cycletime="3940" cost="131,50"/><batch id="6" amount="10" cycletime="2990" cost="131,50"/><batch id="7" amount="10" cycletime="3000" cost="131,50"/><batch id="8" amount="10" cycletime="3010" cost="131,50"/><batch id="9" amount="10" cycletime="3020" cost="131,50"/><batch id="10" amount="10" cycletime="3030" cost="137,80"/></order><order period="1" id="16" item="54" quantity="100" cost="6819,00" averageunitcosts="68,19"><batch id="1" amount="10" cycletime="80" cost="690,90"/><batch id="2" amount="10" cycletime="60" cost="680,90"/><batch id="3" amount="10" cycletime="60" cost="680,90"/><batch id="4" amount="10" cycletime="60" cost="680,90"/><batch id="5" amount="10" cycletime="60" cost="680,90"/><batch id="6" amount="10" cycletime="1020" cost="680,90"/><batch id="7" amount="10" cycletime="60" cost="680,90"/><batch id="8" amount="10" cycletime="60" cost="680,90"/><batch id="9" amount="10" cycletime="60" cost="680,90"/><batch id="10" amount="10" cycletime="60" cost="680,90"/></order><order period="1" id="17" item="8" quantity="100" cost="3636,60" averageunitcosts="36,37"><batch id="1" amount="10" cycletime="110" cost="388,50"/><batch id="2" amount="10" cycletime="80" cost="358,50"/><batch id="3" amount="10" cycletime="70" cost="358,50"/><batch id="4" amount="10" cycletime="70" cost="358,50"/><batch id="5" amount="10" cycletime="70" cost="358,50"/><batch id="6" amount="10" cycletime="1030" cost="358,50"/><batch id="7" amount="10" cycletime="1020" cost="369,30"/><batch id="8" amount="10" cycletime="1010" cost="369,30"/><batch id="9" amount="10" cycletime="88" cost="358,50"/><batch id="10" amount="10" cycletime="78" cost="358,50"/></order><order period="1" id="18" item="14" quantity="100" cost="1391,50" averageunitcosts="13,91"><batch id="1" amount="10" cycletime="3055" cost="182,80"/><batch id="2" amount="10" cycletime="3065" cost="131,50"/><batch id="3" amount="10" cycletime="3075" cost="131,50"/><batch id="4" amount="10" cycletime="3085" cost="131,50"/><batch id="5" amount="10" cycletime="3095" cost="131,50"/><batch id="6" amount="10" cycletime="3105" cost="131,50"/><batch id="7" amount="10" cycletime="3115" cost="131,50"/><batch id="8" amount="10" cycletime="3125" cost="142,75"/><batch id="9" amount="10" cycletime="3135" cost="145,00"/><batch id="10" amount="10" cycletime="4049" cost="131,95"/></order><order period="1" id="19" item="19" quantity="100" cost="1505,00" averageunitcosts="15,05"><batch id="1" amount="10" cycletime="3939" cost="213,50"/><batch id="2" amount="10" cycletime="2954" cost="143,50"/><batch id="3" amount="10" cycletime="2944" cost="143,50"/><batch id="4" amount="10" cycletime="2934" cost="143,50"/><batch id="5" amount="10" cycletime="2924" cost="143,50"/><batch id="6" amount="10" cycletime="2914" cost="143,50"/><batch id="7" amount="10" cycletime="2904" cost="143,50"/><batch id="8" amount="10" cycletime="2894" cost="143,50"/><batch id="9" amount="10" cycletime="2884" cost="143,50"/><batch id="10" amount="10" cycletime="2874" cost="143,50"/></order><order period="1" id="20" item="31" quantity="100" cost="14510,46" averageunitcosts="145,10"><batch id="1" amount="10" cycletime="80" cost="1460,39"/><batch id="2" amount="10" cycletime="60" cost="1450,21"/><batch id="3" amount="10" cycletime="60" cost="1450,08"/><batch id="4" amount="10" cycletime="60" cost="1449,91"/><batch id="5" amount="10" cycletime="1020" cost="1449,95"/><batch id="6" amount="10" cycletime="60" cost="1449,98"/><batch id="7" amount="10" cycletime="60" cost="1450,00"/><batch id="8" amount="10" cycletime="60" cost="1450,00"/><batch id="9" amount="10" cycletime="60" cost="1449,98"/><batch id="10" amount="10" cycletime="60" cost="1449,96"/></order><order period="1" id="21" item="30" quantity="100" cost="12769,45" averageunitcosts="127,69"><batch id="1" amount="10" cycletime="70" cost="1285,30"/><batch id="2" amount="10" cycletime="50" cost="1275,30"/><batch id="3" amount="10" cycletime="50" cost="1275,30"/><batch id="4" amount="10" cycletime="50" cost="1275,30"/><batch id="5" amount="10" cycletime="50" cost="1275,30"/><batch id="6" amount="10" cycletime="50" cost="1276,97"/><batch id="7" amount="10" cycletime="50" cost="1276,69"/><batch id="8" amount="10" cycletime="1010" cost="1276,69"/><batch id="9" amount="10" cycletime="50" cost="1276,41"/><batch id="10" amount="10" cycletime="50" cost="1276,19"/></order><order period="1" id="22" item="6" quantity="100" cost="4131,20" averageunitcosts="41,31"><batch id="1" amount="10" cycletime="110" cost="438,50"/><batch id="2" amount="10" cycletime="80" cost="408,50"/><batch id="3" amount="10" cycletime="70" cost="408,50"/><batch id="4" amount="10" cycletime="70" cost="408,50"/><batch id="5" amount="10" cycletime="70" cost="408,50"/><batch id="6" amount="10" cycletime="70" cost="408,50"/><batch id="7" amount="10" cycletime="70" cost="408,50"/><batch id="8" amount="10" cycletime="70" cost="408,50"/><batch id="9" amount="10" cycletime="1030" cost="408,50"/><batch id="10" amount="10" cycletime="1020" cost="424,70"/></order><order period="1" id="23" item="12" quantity="90" cost="1265,40" averageunitcosts="14,06"><batch id="1" amount="10" cycletime="4294" cost="176,50"/><batch id="2" amount="10" cycletime="4304" cost="134,20"/><batch id="3" amount="10" cycletime="4314" cost="140,50"/><batch id="4" amount="10" cycletime="4324" cost="132,40"/><batch id="5" amount="10" cycletime="4334" cost="131,50"/><batch id="6" amount="10" cycletime="4344" cost="131,50"/><batch id="7" amount="10" cycletime="4354" cost="131,50"/><batch id="8" amount="10" cycletime="4364" cost="142,30"/><batch id="9" amount="10" cycletime="4374" cost="145,00"/></order><order period="1" id="24" item="29" quantity="100" cost="6939,00" averageunitcosts="69,39"><batch id="1" amount="10" cycletime="80" cost="702,90"/><batch id="2" amount="10" cycletime="60" cost="692,90"/><batch id="3" amount="10" cycletime="60" cost="692,90"/><batch id="4" amount="10" cycletime="1020" cost="692,90"/><batch id="5" amount="10" cycletime="60" cost="692,90"/><batch id="6" amount="10" cycletime="60" cost="692,90"/><batch id="7" amount="10" cycletime="60" cost="692,90"/><batch id="8" amount="10" cycletime="60" cost="692,90"/><batch id="9" amount="10" cycletime="60" cost="692,90"/><batch id="10" amount="10" cycletime="60" cost="692,90"/></order><order period="1" id="25" item="9" quantity="100" cost="3620,40" averageunitcosts="36,20"><batch id="1" amount="10" cycletime="1030" cost="393,90"/><batch id="2" amount="10" cycletime="88" cost="358,50"/><batch id="3" amount="10" cycletime="78" cost="358,50"/><batch id="4" amount="10" cycletime="70" cost="358,50"/><batch id="5" amount="10" cycletime="70" cost="358,50"/><batch id="6" amount="10" cycletime="70" cost="358,50"/><batch id="7" amount="10" cycletime="70" cost="358,50"/><batch id="8" amount="10" cycletime="70" cost="358,50"/><batch id="9" amount="10" cycletime="70" cost="358,50"/><batch id="10" amount="10" cycletime="70" cost="358,50"/></order><order period="1" id="28" item="1" quantity="100" cost="15646,83" averageunitcosts="156,47"><batch id="1" amount="10" cycletime="90" cost="1576,30"/><batch id="2" amount="10" cycletime="60" cost="1562,30"/><batch id="3" amount="10" cycletime="60" cost="1563,30"/><batch id="4" amount="10" cycletime="60" cost="1563,36"/><batch id="5" amount="10" cycletime="60" cost="1563,39"/><batch id="6" amount="10" cycletime="60" cost="1563,55"/><batch id="7" amount="10" cycletime="60" cost="1563,59"/><batch id="8" amount="10" cycletime="1020" cost="1563,64"/><batch id="9" amount="10" cycletime="60" cost="1563,68"/><batch id="10" amount="10" cycletime="60" cost="1563,72"/></order><order period="1" id="29" item="2" quantity="100" cost="16362,55" averageunitcosts="163,63"><batch id="1" amount="10" cycletime="90" cost="1644,88"/><batch id="2" amount="10" cycletime="70" cost="1634,79"/><batch id="3" amount="10" cycletime="70" cost="1635,03"/><batch id="4" amount="10" cycletime="70" cost="1635,25"/><batch id="5" amount="10" cycletime="1030" cost="1635,26"/><batch id="6" amount="10" cycletime="70" cost="1635,25"/><batch id="7" amount="10" cycletime="70" cost="1635,29"/><batch id="8" amount="10" cycletime="70" cost="1635,44"/><batch id="9" amount="10" cycletime="70" cost="1635,68"/><batch id="10" amount="10" cycletime="70" cost="1635,68"/></order><order period="1" id="30" item="3" quantity="100" cost="16562,07" averageunitcosts="165,62"><batch id="1" amount="10" cycletime="1060" cost="1668,68"/><batch id="2" amount="10" cycletime="70" cost="1653,95"/><batch id="3" amount="10" cycletime="70" cost="1654,21"/><batch id="4" amount="10" cycletime="70" cost="1654,65"/><batch id="5" amount="10" cycletime="70" cost="1654,84"/><batch id="6" amount="10" cycletime="70" cost="1655,02"/><batch id="7" amount="10" cycletime="70" cost="1655,18"/><batch id="8" amount="10" cycletime="1030" cost="1655,18"/><batch id="9" amount="10" cycletime="70" cost="1655,18"/><batch id="10" amount="10" cycletime="70" cost="1655,18"/></order></completedorders><cycletimes startedorders="1" waitingorders="2"><order id="6" period="1" starttime="1-1-0-0" finishtime="1-1-7-30" cycletimemin="450" cycletimefactor="1,00"/><order id="2" period="1" starttime="1-1-0-0" finishtime="1-2-0-40" cycletimemin="520" cycletimefactor="2,85"/><order id="5" period="1" starttime="1-1-0-0" finishtime="1-2-0-50" cycletimemin="530" cycletimefactor="2,81"/><order id="8" period="1" starttime="1-1-0-0" finishtime="1-2-2-20" cycletimemin="620" cycletimefactor="2,55"/><order id="28" period="1" starttime="1-1-0-0" finishtime="1-2-2-30" cycletimemin="630" cycletimefactor="2,52"/><order id="9" period="1" starttime="1-1-7-0" finishtime="1-2-5-42" cycletimemin="450" cycletimefactor="3,03"/><order id="3" period="1" starttime="1-1-0-0" finishtime="1-2-7-35" cycletimemin="935" cycletimefactor="2,03"/><order id="7" period="1" starttime="1-1-0-0" finishtime="1-2-7-57" cycletimemin="430" cycletimefactor="4,46"/><order id="1" period="1" starttime="1-1-0-0" finishtime="1-3-0-30" cycletimemin="965" cycletimefactor="3,02"/><order id="13" period="1" starttime="1-2-0-50" finishtime="1-3-1-40" cycletimemin="530" cycletimefactor="2,81"/><order id="12" period="1" starttime="1-2-0-40" finishtime="1-3-3-0" cycletimemin="620" cycletimefactor="2,55"/><order id="14" period="1" starttime="1-2-5-12" finishtime="1-3-3-54" cycletimemin="450" cycletimefactor="3,03"/><order id="10" period="1" starttime="1-1-3-20" finishtime="1-3-4-16" cycletimemin="430" cycletimefactor="6,83"/><order id="16" period="1" starttime="1-2-2-20" finishtime="1-3-4-40" cycletimemin="620" cycletimefactor="2,55"/><order id="29" period="1" starttime="1-2-2-30" finishtime="1-3-6-30" cycletimemin="720" cycletimefactor="2,33"/><order id="11" period="1" starttime="1-2-2-15" finishtime="1-3-7-51" cycletimemin="405" cycletimefactor="4,39"/><order id="17" period="1" starttime="1-3-3-24" finishtime="1-4-2-14" cycletimemin="450" cycletimefactor="3,04"/><order id="21" period="1" starttime="1-3-1-40" finishtime="1-4-2-20" cycletimemin="520" cycletimefactor="2,85"/><order id="15" period="1" starttime="1-1-6-40" finishtime="1-4-4-10" cycletimemin="440" cycletimefactor="9,48"/><order id="20" period="1" starttime="1-3-3-0" finishtime="1-4-5-20" cycletimemin="620" cycletimefactor="2,55"/><order id="4" period="1" starttime="1-1-0-0" finishtime="1-4-6-45" cycletimemin="915" cycletimefactor="5,16"/><order id="24" period="1" starttime="1-3-4-40" finishtime="1-4-7-0" cycletimemin="620" cycletimefactor="2,55"/><order id="18" period="1" starttime="1-2-2-0" finishtime="1-5-0-29" cycletimemin="440" cycletimefactor="9,61"/><order id="22" period="1" starttime="1-4-1-36" finishtime="1-5-0-56" cycletimemin="450" cycletimefactor="3,11"/><order id="30" period="1" starttime="1-3-6-30" finishtime="1-5-2-40" cycletimemin="730" cycletimefactor="3,63"/><order id="19" period="1" starttime="1-2-7-30" finishtime="1-5-4-9" cycletimemin="410" cycletimefactor="10,05"/><order id="25" period="1" starttime="1-4-8-36" finishtime="1-5-7-18" cycletimemin="450" cycletimefactor="3,03"/></cycletimes><result><general><capacity current="33600" average="33600,00" all="33600"/><possiblecapacity current="34260" average="34260,00" all="34260"/><relpossiblenormalcapacity current="101,96%" average="101,96%" all="-"/><productivetime current="25575" average="25575,00" all="25575"/><effiency current="74,65%" average="74,65%" all="-"/><sellwish current="450" average="450,00" all="450"/><salesquantity current="450" average="450,00" all="450"/><deliveryreliability current="100,00%" average="100,00%" all="-"/><idletime current="8685" average="8685,00" all="8685"/><idletimecosts current="4595,80" average="4595,80" all="4595,80"/><storevalue current="254659,00" average="254659,00" all="-"/><storagecosts current="6555,91" average="6555,91" all="6555,91"/></general><defectivegoods><quantity current="0" average="0,00" all="0"/><costs current="0,00" average="0,00" all="0,00"/></defectivegoods><normalsale><salesprice current="200,00" average="200,00" all="-"/><profit current="6091,53" average="6091,53" all="6091,53"/><profitperunit current="13,54" average="13,54" all="-"/></normalsale><directsale><profit current="0,00" average="0,00" all="0,00"/><contractpenalty current="0,00" average="0,00" all="0,00"/></directsale><marketplacesale><profit current="0,00" average="0,00" all="0,00"/></marketplacesale><summary><profit current="6091,53" average="6091,53" all="6091,53"/></summary></result></results>